{"train/loss_center_heatmap": 216.5475631713867, "train/loss_init": 2.502268147468567, "train/loss_coarse": 1.931900191307068, "train/loss_iter10": 6.440406656265258, "train/loss_iter11": 6.441314077377319, "train/loss_iter2": 6.91680941581726, "train/loss": 240.78025665283204, "train/grad_norm": 226.29783935546874, "learning_rate": 1.9880199999999993e-05, "momentum": 0.9, "_timestamp": 1660315004.1269453, "_runtime": 147.22395634651184, "_step": 100, "_wandb": {"runtime": 1958}}