{"train/loss_center_heatmap": 193.0902328491211, "train/loss_init": 2.3068856477737425, "train/loss_coarse": 1.784307587146759, "train/loss_iter10": 5.948282527923584, "train/loss_iter11": 5.948999834060669, "train/loss_iter2": 6.586972093582153, "train/loss": 215.66568450927736, "train/grad_norm": 201.28775024414062, "learning_rate": 1.9880199999999993e-05, "momentum": 0.9, "_timestamp": 1660286730.709015, "_runtime": 152.51495599746704, "_step": 100}