{"train/loss_center_heatmap": 193.39291381835938, "train/loss_init": 2.312699055671692, "train/loss_coarse": 1.7848837971687317, "train/loss_iter10": 5.950278854370117, "train/loss_iter11": 5.951074886322021, "train/loss_iter2": 6.577650117874145, "train/loss": 215.9695053100586, "train/grad_norm": 200.9424575805664, "learning_rate": 1.9880199999999993e-05, "momentum": 0.9, "_timestamp": 1660293883.4673357, "_runtime": 145.5576777458191, "_step": 100, "_wandb": {"runtime": 1947}}