{"train/loss_center_heatmap": 193.09517364501954, "train/loss_init": 2.306892478466034, "train/loss_coarse": 1.7843257904052734, "train/loss_iter10": 5.948345708847046, "train/loss_iter11": 5.9490659713745115, "train/loss_iter2": 6.587025547027588, "train/loss": 215.67083587646485, "train/grad_norm": 201.3072982788086, "learning_rate": 1.9880199999999993e-05, "momentum": 0.9, "_timestamp": 1660287465.7529137, "_runtime": 159.51509261131287, "_step": 100}