{"train/loss_center_heatmap": 208.6589340209961, "train/loss_init": 2.5535337209701536, "train/loss_coarse": 1.9634790062904357, "train/loss_iter10": 6.544624376296997, "train/loss_iter11": 6.544350671768188, "train/loss_iter2": 7.028263711929322, "train/loss": 233.29318237304688, "train/grad_norm": 217.51425476074218, "learning_rate": 1.9880199999999993e-05, "momentum": 0.9, "_timestamp": 1660297042.0948474, "_runtime": 114.26344633102417, "_step": 100, "_wandb": {"runtime": 1917}}