{"train/loss_center_heatmap": 193.08368835449218, "train/loss_init": 2.306887626647949, "train/loss_coarse": 1.7843609929084778, "train/loss_iter10": 5.948465156555176, "train/loss_iter11": 5.949188280105591, "train/loss_iter2": 6.586334085464477, "train/loss": 215.65892028808594, "train/grad_norm": 201.26526489257813, "learning_rate": 1.9880199999999993e-05, "momentum": 0.9, "_timestamp": 1660292386.4890919, "_runtime": 166.24773383140564, "_step": 100}