{"train/loss_center_heatmap": 193.10295562744142, "train/loss_init": 2.3068737149238587, "train/loss_coarse": 1.784338366985321, "train/loss_iter10": 5.948387479782104, "train/loss_iter11": 5.949109077453613, "train/loss_iter2": 6.58721604347229, "train/loss": 215.6788787841797, "train/grad_norm": 201.28473358154298, "learning_rate": 1.9880199999999993e-05, "momentum": 0.9, "_timestamp": 1660295945.6266677, "_runtime": 168.99698281288147, "_step": 100}