{"train/loss_center_heatmap": 193.10096282958983, "train/loss_init": 2.30687392950058, "train/loss_coarse": 1.7842851042747498, "train/loss_iter10": 5.94820728302002, "train/loss_iter11": 5.948924732208252, "train/loss_iter2": 6.586750030517578, "train/loss": 215.67599639892578, "train/grad_norm": 201.24161682128906, "learning_rate": 1.9880199999999993e-05, "momentum": 0.9, "_timestamp": 1660281189.0777416, "_runtime": 158.5697727203369, "_step": 100, "_wandb": {"runtime": 1968}}